<?xml version="1.0" encoding="UTF-8"?>
<project-private xmlns="http://www.netbeans.org/ns/project-private/1">
    <editor-bookmarks xmlns="http://www.netbeans.org/ns/editor-bookmarks/2" lastBookmarkId="0"/>
    <open-files xmlns="http://www.netbeans.org/ns/projectui-open-files/2">
        <group>
            <file>file:/C:/SGUS/Cohort_2/Java_EE/labs/AuthN/src/java/com/func/AuthServlet.java</file>
            <file>file:/C:/SGUS/Cohort_2/Java_EE/labs/AuthN/web/login.jsp</file>
            <file>file:/C:/SGUS/Cohort_2/Java_EE/labs/AuthN/web/home.jsp</file>
            <file>file:/C:/SGUS/Cohort_2/Java_EE/labs/AuthN/web/header.jsp</file>
            <file>file:/C:/SGUS/Cohort_2/Java_EE/labs/AuthN/web/footer.jsp</file>
            <file>file:/C:/SGUS/Cohort_2/Java_EE/labs/AuthN/src/java/com/func/AuthBean.java</file>
            <file>file:/C:/SGUS/Cohort_2/Java_EE/labs/AuthN/web/UserRegJSP.jsp</file>
        </group>
    </open-files>
</project-private>
