<?xml version="1.0" encoding="UTF-8"?>
<project-private xmlns="http://www.netbeans.org/ns/project-private/1">
    <editor-bookmarks xmlns="http://www.netbeans.org/ns/editor-bookmarks/2" lastBookmarkId="1">
        <file>
            <url>src/java/com/demo/auth/AuthServlet.java</url>
            <bookmark id="1">
                <name/>
                <line>47</line>
                <key/>
            </bookmark>
        </file>
    </editor-bookmarks>
    <open-files xmlns="http://www.netbeans.org/ns/projectui-open-files/2">
        <group>
            <file>file:/C:/Java_EE_labs/practice/ABCSports_Admin/web/header.jsp</file>
            <file>file:/C:/Java_EE_labs/practice/ABCSports_Admin/web/WEB-INF/web.xml</file>
            <file>file:/C:/Java_EE_labs/practice/ABCSports_Admin/web/home.jsp</file>
            <file>file:/C:/Java_EE_labs/practice/ABCSports_Admin/web/login.jsp</file>
            <file>file:/C:/Java_EE_labs/practice/ABCSports_Admin/web/footer.jsp</file>
        </group>
    </open-files>
</project-private>
