<?xml version="1.0" encoding="UTF-8" standalone="no"?>
<catalog xmlns="urn:oasis:names:tc:entity:xmlns:xml:catalog" prefer="system">
    <system systemId="http://xmlns.oracle.com/weblogic/weblogic-web-app/1.8/weblogic-web-app.xsd" uri="www.oracle.com/webfolder/technetwork/weblogic/weblogic-web-app/1.8/weblogic-web-app.xsd"/>
    <system systemId="http://java.sun.com/xml/ns/javaee/web-app_3_0.xsd" uri="www.oracle.com/webfolder/technetwork/jsc/xml/ns/javaee/web-app_3_0.xsd"/>
    <system systemId="http://xmlns.oracle.com/weblogic/weblogic-javaee/1.7/weblogic-javaee.xsd" uri="www.oracle.com/webfolder/technetwork/weblogic/weblogic-javaee/1.7/weblogic-javaee.xsd"/>
    <system systemId="http://www.oracle.com/webfolder/technetwork/jsc/xml/ns/javaee/web-common_3_0.xsd" uri="www.oracle.com/webfolder/technetwork/jsc/xml/ns/javaee/web-common_3_0.xsd"/>
    <system systemId="http://java.sun.com/xml/ns/javaee/ejb-jar_3_0.xsd" uri="www.oracle.com/webfolder/technetwork/jsc/xml/ns/javaee/ejb-jar_3_0.xsd"/>
    <system systemId="http://www.oracle.com/webfolder/technetwork/jsc/xml/ns/javaee/javaee_6.xsd" uri="www.oracle.com/webfolder/technetwork/jsc/xml/ns/javaee/javaee_6.xsd"/>
    <system systemId="http://www.oracle.com/webfolder/technetwork/jsc/xml/ns/javaee/jsp_2_2.xsd" uri="www.oracle.com/webfolder/technetwork/jsc/xml/ns/javaee/jsp_2_2.xsd"/>
    <system systemId="http://www.oracle.com/webfolder/technetwork/jsc/xml/ns/javaee/javaee_5.xsd" uri="www.oracle.com/webfolder/technetwork/jsc/xml/ns/javaee/javaee_5.xsd"/>
    <system systemId="http://www.w3.org/2001/xml.xsd" uri="www.w3.org/2001/xml.xsd"/>
    <system systemId="http://www.oracle.com/webfolder/technetwork/jsc/xml/ns/javaee/javaee_web_services_client_1_3.xsd" uri="www.oracle.com/webfolder/technetwork/jsc/xml/ns/javaee/javaee_web_services_client_1_3.xsd"/>
    <system systemId="http://www.oracle.com/webfolder/technetwork/jsc/xml/ns/javaee/javaee_web_services_client_1_2.xsd" uri="www.oracle.com/webfolder/technetwork/jsc/xml/ns/javaee/javaee_web_services_client_1_2.xsd"/>
</catalog>