<?xml version="1.0" encoding="UTF-8"?>
<project-private xmlns="http://www.netbeans.org/ns/project-private/1">
    <editor-bookmarks xmlns="http://www.netbeans.org/ns/editor-bookmarks/2" lastBookmarkId="0"/>
    <open-files xmlns="http://www.netbeans.org/ns/projectui-open-files/2">
        <group>
            <file>file:/C:/SGUS/Cohort_2/Java_EE/labs/WApp1/src/java/com/cohort2/FirstServlet.java</file>
            <file>file:/C:/SGUS/Cohort_2/Java_EE/labs/WApp1/web/home.html</file>
            <file>file:/C:/SGUS/Cohort_2/Java_EE/labs/WApp1/web/WEB-INF/weblogic.xml</file>
            <file>file:/C:/SGUS/Cohort_2/Java_EE/labs/WApp1/web/scustomer.html</file>
            <file>file:/C:/SGUS/Cohort_2/Java_EE/labs/WApp1/web/employee.html</file>
            <file>file:/C:/SGUS/Cohort_2/Java_EE/labs/WApp1/src/java/com/cohort2/AuditingFilter.java</file>
            <file>file:/C:/SGUS/Cohort_2/Java_EE/labs/WApp1/src/java/com/cohort2/SecondServlet.java</file>
            <file>file:/C:/SGUS/Cohort_2/Java_EE/labs/WApp1/src/java/com/cohort2/ServletFilter1.java</file>
            <file>file:/C:/SGUS/Cohort_2/Java_EE/labs/WApp1/src/java/com/cohort2/TestBean.java</file>
            <file>file:/C:/SGUS/Cohort_2/Java_EE/labs/WApp1/web/WEB-INF/web.xml</file>
        </group>
    </open-files>
</project-private>
