<?xml version="1.0" encoding="UTF-8"?>
<project-private xmlns="http://www.netbeans.org/ns/project-private/1">
    <editor-bookmarks xmlns="http://www.netbeans.org/ns/editor-bookmarks/2" lastBookmarkId="0"/>
    <open-files xmlns="http://www.netbeans.org/ns/projectui-open-files/2">
        <group>
            <file>file:/C:/SGUS/Cohort_2/Java_EE/labs/UserMgmt/web/create.jsp</file>
            <file>file:/C:/SGUS/Cohort_2/Java_EE/labs/UserMgmt/src/java/com/cohort2/User.java</file>
            <file>file:/C:/SGUS/Cohort_2/Java_EE/labs/UserMgmt/web/index.jsp</file>
            <file>file:/C:/SGUS/Cohort_2/Java_EE/labs/UserMgmt/src/java/com/cohort2/UserService.java</file>
            <file>file:/C:/SGUS/Cohort_2/Java_EE/labs/UserMgmt/src/java/com/cohort2/UserResource.java</file>
            <file>file:/C:/SGUS/Cohort_2/Java_EE/labs/UserMgmt/web/delete.jsp</file>
            <file>file:/C:/SGUS/Cohort_2/Java_EE/labs/UserMgmt/web/update.jsp</file>
            <file>file:/C:/SGUS/Cohort_2/Java_EE/labs/UserMgmt/web/listUsers.jsp</file>
        </group>
    </open-files>
</project-private>
